{
  "version": 1,
  "author": "Nipun anisha",
  "editor": "wokwi",
  "parts": [
    { "type": "wokwi-breadboard", "id": "bb1", "top": 112.2, "left": -246.8, "attrs": {} },
    { "type": "wokwi-breadboard-half", "id": "bb2", "top": 112.2, "left": -573.2, "attrs": {} },
    { "type": "board-esp32-devkit-c-v4", "id": "esp", "top": -163.2, "left": -52.76, "attrs": {} },
    {
      "type": "wokwi-text",
      "id": "hello",
      "top": 259.2,
      "left": -412.8,
      "attrs": { "text": "OK/Menu" }
    },
    {
      "type": "wokwi-text",
      "id": "hello1",
      "top": 259.2,
      "left": -489.6,
      "attrs": { "text": "Up" }
    },
    {
      "type": "wokwi-text",
      "id": "hello2",
      "top": 259.2,
      "left": -307.2,
      "attrs": { "text": "Down" }
    },
    {
      "type": "wokwi-text",
      "id": "hello3",
      "top": 259.2,
      "left": -9.6,
      "attrs": { "text": "Cancel" }
    },
    {
      "type": "board-ssd1306",
      "id": "oled1",
      "top": 175.94,
      "left": 269.03,
      "attrs": { "i2cAddress": "0x3c" }
    },
    { "type": "wokwi-led", "id": "led1", "top": 140.4, "left": 119, "attrs": { "color": "red" } },
    {
      "type": "wokwi-resistor",
      "id": "r1",
      "top": 186.35,
      "left": 172.8,
      "attrs": { "value": "100" }
    },
    {
      "type": "wokwi-buzzer",
      "id": "bz1",
      "top": 88.8,
      "left": 203.4,
      "attrs": { "volume": "0.1" }
    },
    {
      "type": "wokwi-resistor",
      "id": "r2",
      "top": 186.35,
      "left": 76.8,
      "attrs": { "value": "220" }
    },
    {
      "type": "wokwi-pushbutton",
      "id": "btn1",
      "top": 191.9,
      "left": -25.3,
      "rotate": 90,
      "attrs": { "color": "red", "lable": "OK/Menu" }
    },
    {
      "type": "wokwi-resistor",
      "id": "r3",
      "top": 253.55,
      "left": -57.6,
      "attrs": { "value": "1000" }
    },
    {
      "type": "wokwi-pushbutton",
      "id": "btn2",
      "top": 191.9,
      "left": -322.9,
      "rotate": 90,
      "attrs": { "color": "yellow", "lable": "Down" }
    },
    {
      "type": "wokwi-resistor",
      "id": "r4",
      "top": 253.55,
      "left": -355.2,
      "attrs": { "value": "1000" }
    },
    {
      "type": "wokwi-pushbutton",
      "id": "btn3",
      "top": 191.9,
      "left": -418.9,
      "rotate": 90,
      "attrs": { "color": "white", "lable": "OK/Menu" }
    },
    {
      "type": "wokwi-resistor",
      "id": "r5",
      "top": 253.55,
      "left": -451.2,
      "attrs": { "value": "1000" }
    },
    {
      "type": "wokwi-pushbutton",
      "id": "btn4",
      "top": 191.9,
      "left": -505.3,
      "rotate": 90,
      "attrs": { "color": "black", "lable": "Up" }
    },
    {
      "type": "wokwi-resistor",
      "id": "r6",
      "top": 253.55,
      "left": -537.6,
      "attrs": { "value": "1000" }
    },
    {
      "type": "wokwi-dht22",
      "id": "dht1",
      "top": -220.5,
      "left": -168.6,
      "attrs": { "temperature": "28.9", "humidity": "24" }
    },
    { "type": "wokwi-servo", "id": "servo1", "top": -280.4, "left": 201.6, "attrs": {} },
    {
      "type": "wokwi-photoresistor-sensor",
      "id": "ldr1",
      "top": -160,
      "left": -431.2,
      "attrs": {}
    },
    {
      "type": "wokwi-photoresistor-sensor",
      "id": "ldr2",
      "top": -150.6,
      "left": 401.2,
      "rotate": 180,
      "attrs": {}
    }
  ],
  "connections": [
    [ "esp:TX", "$serialMonitor:RX", "", [] ],
    [ "esp:RX", "$serialMonitor:TX", "", [] ],
    [ "oled1:SCL", "esp:22", "green", [ "v0" ] ],
    [ "oled1:SDA", "esp:21", "yellow", [ "v0" ] ],
    [ "oled1:GND", "bb1:tn.46", "black", [ "v0" ] ],
    [ "oled1:VCC", "bb1:tp.46", "red", [ "v0" ] ],
    [ "esp:5V", "bb1:tp.15", "red", [ "h0" ] ],
    [ "esp:GND.1", "bb1:tn.11", "black", [ "h0" ] ],
    [ "bb1:tn.1", "bb1:bn.1", "black", [ "v0" ] ],
    [ "bb1:tp.1", "bb1:bp.2", "red", [ "v-28.5", "h8.8" ] ],
    [ "bb1:32t.c", "bb1:tn.26", "green", [ "v0" ] ],
    [ "bb1:39t.d", "esp:15", "green", [ "v-124.8", "h-96", "v-48", "h19.2" ] ],
    [ "bb1:42t.a", "bb1:tn.34", "green", [ "v0" ] ],
    [ "bb1:49t.c", "esp:5", "green", [ "v-172.8", "h-172.8", "v-57.6" ] ],
    [ "bb1:26t.a", "bb1:tn.21", "black", [ "v0" ] ],
    [ "bb1:18b.h", "bb1:tp.14", "red", [ "v0" ] ],
    [ "bb1:24t.b", "esp:34", "orange", [ "v-76.8", "h-67.2", "v-67.2" ] ],
    [ "bb1:tn.2", "bb2:tn.25", "black", [ "v-0.1", "h-77.6" ] ],
    [ "bb1:bp.3", "bb2:bp.25", "red", [ "v0" ] ],
    [ "bb1:bn.2", "bb2:bn.25", "black", [ "v0" ] ],
    [ "bb1:tp.2", "bb2:tp.25", "red", [ "v0.3", "h-77.6" ] ],
    [ "bb2:29t.b", "bb2:tn.24", "black", [ "v0" ] ],
    [ "bb2:19t.b", "bb2:tn.15", "black", [ "v0" ] ],
    [ "bb2:10t.b", "bb2:tn.8", "black", [ "v0" ] ],
    [ "bb2:2b.j", "bb2:bp.1", "red", [ "v28.8" ] ],
    [ "bb2:11b.j", "bb2:bp.9", "red", [ "v0" ] ],
    [ "bb2:21b.j", "bb2:bp.17", "red", [ "v0" ] ],
    [ "bb2:27t.b", "esp:35", "green", [ "v0" ] ],
    [ "bb2:17t.b", "esp:32", "green", [ "v0" ] ],
    [ "bb2:8t.b", "esp:33", "green", [ "v0" ] ],
    [ "dht1:VCC", "bb1:tp.6", "red", [ "v0" ] ],
    [ "dht1:GND", "bb1:tn.8", "black", [ "v0" ] ],
    [ "dht1:SDA", "esp:12", "green", [ "v0" ] ],
    [ "ldr1:VCC", "bb1:tp.4", "red", [ "h86.4", "v268.8" ] ],
    [ "ldr1:GND", "bb1:tn.3", "black", [ "h0" ] ],
    [ "ldr1:AO", "esp:VP", "green", [ "h211.2", "v-0.7" ] ],
    [ "servo1:GND", "bb1:tn.32", "black", [ "h-48", "v364.8" ] ],
    [ "servo1:V+", "bb1:tp.34", "red", [ "h-19.2", "v0.1" ] ],
    [ "servo1:PWM", "esp:16", "green", [ "h-96", "v9.8" ] ],
    [ "led1:A", "bb1:39t.c", "", [ "$bb" ] ],
    [ "led1:C", "bb1:38t.c", "", [ "$bb" ] ],
    [ "r1:1", "bb1:42t.d", "", [ "$bb" ] ],
    [ "r1:2", "bb1:48t.d", "", [ "$bb" ] ],
    [ "bz1:1", "bb1:48t.b", "", [ "$bb" ] ],
    [ "bz1:2", "bb1:49t.b", "", [ "$bb" ] ],
    [ "r2:1", "bb1:32t.d", "", [ "$bb" ] ],
    [ "r2:2", "bb1:38t.d", "", [ "$bb" ] ],
    [ "btn1:1.l", "bb1:26t.c", "", [ "$bb" ] ],
    [ "btn1:2.l", "bb1:24t.c", "", [ "$bb" ] ],
    [ "btn1:1.r", "bb1:26b.h", "", [ "$bb" ] ],
    [ "btn1:2.r", "bb1:24b.h", "", [ "$bb" ] ],
    [ "r3:1", "bb1:18b.i", "", [ "$bb" ] ],
    [ "r3:2", "bb1:24b.i", "", [ "$bb" ] ],
    [ "btn2:1.l", "bb2:29t.c", "", [ "$bb" ] ],
    [ "btn2:2.l", "bb2:27t.c", "", [ "$bb" ] ],
    [ "btn2:1.r", "bb2:29b.h", "", [ "$bb" ] ],
    [ "btn2:2.r", "bb2:27b.h", "", [ "$bb" ] ],
    [ "r4:1", "bb2:21b.i", "", [ "$bb" ] ],
    [ "r4:2", "bb2:27b.i", "", [ "$bb" ] ],
    [ "btn3:1.l", "bb2:19t.c", "", [ "$bb" ] ],
    [ "btn3:2.l", "bb2:17t.c", "", [ "$bb" ] ],
    [ "btn3:1.r", "bb2:19b.h", "", [ "$bb" ] ],
    [ "btn3:2.r", "bb2:17b.h", "", [ "$bb" ] ],
    [ "r5:1", "bb2:11b.i", "", [ "$bb" ] ],
    [ "r5:2", "bb2:17b.i", "", [ "$bb" ] ],
    [ "btn4:1.l", "bb2:10t.c", "", [ "$bb" ] ],
    [ "btn4:2.l", "bb2:8t.c", "", [ "$bb" ] ],
    [ "btn4:1.r", "bb2:10b.h", "", [ "$bb" ] ],
    [ "btn4:2.r", "bb2:8b.h", "", [ "$bb" ] ],
    [ "r6:1", "bb2:2b.i", "", [ "$bb" ] ],
    [ "r6:2", "bb2:8b.i", "", [ "$bb" ] ],
    [ "oled1:GND", "bb1:56t.c", "", [ "$bb" ] ],
    [ "oled1:VCC", "bb1:57t.c", "", [ "$bb" ] ],
    [ "oled1:SCL", "bb1:58t.c", "", [ "$bb" ] ],
    [ "oled1:SDA", "bb1:59t.c", "", [ "$bb" ] ],
    [ "ldr2:GND", "bb1:tn.50", "black", [ "h0" ] ],
    [ "ldr2:VCC", "bb1:tp.49", "red", [ "h0" ] ],
    [ "ldr2:AO", "esp:VN", "green", [ "h-422.4", "v29.5" ] ]
  ],
  "dependencies": {}
}